class,coastal,green,red,blue,nir,red_edge1,red_edge2,red_edge3,swir1,swir2,NDVI,LAI,MNDWI
1,787.5,1308,1653,994.5,2290,1889,2028,2119,3878,3038,0.161552131175995,0.272641271352768,-0.495565056800842
1,959,1601,2092,1163,2789,2381,2493,2666,4595,3617,0.142798617482185,0.261358290910721,-0.483215034008026
1,738,1420,1816,1140,2534,2108,2258,2396,4191,3045,0.165057450532913,0.318445533514023,-0.49385130405426
1,467,778.5,1206,535.5,1707,1416,1533,1648,3166,2930.5,0.171987637877464,0.185585469007492,-0.605273127555847
1,470,949,1332,753,2252,1610,1897,2046,3747,2937,0.256696403026581,0.452095538377762,-0.595826208591461
1,591.5,909.5,1348,636.5,1746,1647,1718,1846,3501.5,2816.5,0.128636077046394,0.121033892035484,-0.587621808052063
1,577,920.5,1278,692.5,1936,1517,1692,1837.5,3471,2966,0.204729303717613,0.295012265443802,-0.580781102180481
1,594.5,1128,1592,786.5,2199,1907.5,2028.5,2174,4285.5,3774,0.16011606156826,0.228342950344086,-0.583264052867889
1,739.5,1392,1947,1047,2582,2187.5,2263,2436.5,3978,3209,0.140207529067993,0.231972515583038,-0.481564253568649
1,544,1188,1868,766,2430,2080,2174,2313,4341,3857,0.130758479237556,0.166093766689301,-0.570265829563141
1,372,1037,1676,649,2188,1877.5,1957.5,2075,3855.5,3469,0.132505148649216,0.148511588573456,-0.576085805892944
1,995,1506,2018,1104,2654,2330,2421,2557,4579,4148,0.136130124330521,0.231024324893951,-0.505012273788452
1,624.5,1098,1465,817,1911,1714,1778,1902.5,3488,2733,0.132108986377716,0.158808559179306,-0.521151304244995
1,859,1377,1851,1027,2491,2141.5,2240,2388.5,4124,3913,0.147397503256798,0.246201485395432,-0.4993636906147
1,725.5,1511,2240,1041,2921,2543,2655.5,2833.5,4646,4058,0.131951168179512,0.213993728160858,-0.50917649269104
1,736.5,1447,1977,1033.5,2725,2243.5,2431,2576,3979.5,3039.5,0.159081265330315,0.283862799406052,-0.466691255569458
1,1968,2462,2846,2138,3624,2958,2983,3070,4493,3607,0.120247311890125,0.361850738525391,-0.292020112276077
1,644.5,1193,1556,952.5,2326,1793,1938.5,2106.5,4240.5,3338,0.19835139811039,0.361717015504837,-0.560872375965118
1,1019,1516,1870,1238,2310,2117,2167,2270,4147,3367,0.105263151228428,0.161382228136063,-0.464594691991806
1,593,1023,1212,791,2020,1620,1850,1966,3099,2355,0.25,0.429053395986557,-0.503638982772827
1,470.5,827,1159.5,606.5,1582,1345,1440.5,1580,3211.5,2462.5,0.154112681746483,0.1551553606987,-0.590442001819611
1,520,1070,1538,735,2292,1774,1956,2151,4166,3217,0.196866855025291,0.308045953512192,-0.591291069984436
1,1108.5,1034,1478,844,1832,1859,1963.5,2168.5,3654,3148,0.106948651373386,0.104820489883423,-0.55887371301651
1,556.5,1107,1562,843.5,2213,1825.5,1913,2062.5,3901,3112.5,0.172450333833694,0.267896294593811,-0.557907342910767
1,758,1412,1954,1054,2700,2330,2504,2650,4138,3303,0.160292237997055,0.290473341941834,-0.491171151399612
1,621,1108,1396,866,2204,1711,1946,2079,3976,3276,0.224444463849068,0.400875478982925,-0.564122796058655
1,603,1206,1520,838,2504,1861,2242,2390,4014,3394,0.244532823562622,0.462238639593124,-0.537930965423584
1,1666,2042,2392,2002,3052,2460,2551,2674,3998,3071,0.12123441696167,0.36385503411293,-0.323841065168381
1,981,1904,2082,1844,2920,2399,2393,2463,3697,2766,0.167532995343208,0.536438822746277,-0.32012140750885
1,617,1102,1374,830,2134,1665,1887,2008,3677.5,3296,0.216647669672966,0.367706209421158,-0.538863897323608
1,475.5,930,1263,686.5,1770,1522,1613.5,1721.5,3782,3191.5,0.167161196470261,0.204961746931076,-0.60526317358017
1,675,1149,1607,886.5,2135,1850.5,1941,2077,3930,3408,0.141101017594337,0.197684943675995,-0.547548770904541
1,1084.5,1155.5,1991,585,2380,2521,2786.5,2866.5,4476,3824,0.0889956578612328,0.058467909693718,-0.589629828929901
1,785,1494,1848,1098,2412,2138,2209,2360,3799,2868,0.132394373416901,0.216188043355942,-0.435480862855911
1,874.5,1398,1905,1076,2625,2173,2290,2468.5,4635,3882.5,0.158940359950066,0.28940686583519,-0.536549031734467
1,790,1668,2102,1252,2934,2357,2455,2624,4633,4087,0.165210470557213,0.347798407077789,-0.470560163259506
1,605,1056,1532,757,1998,1717,1781,1891,3737,2644,0.132011339068413,0.153714418411255,-0.559357404708862
1,1081,1890,2612,1404,3222,3117,3149,3340,5138,3799,0.10455945879221,0.182449191808701,-0.462151378393173
1,843,1452,1978,1067,2538,2187.5,2277.5,2441.5,4262,3490.5,0.124003559350967,0.190787822008133,-0.491774618625641
1,712,1428,1880,1003,2426,2101,2219,2294,4197,3293,0.126799821853638,0.187160789966583,-0.492266654968262
1,771,1622,2222,1198,2834,2506,2593,2750,4651,3780,0.121044293045998,0.204189568758011,-0.482863038778305
1,573,891,1260,692.5,1826,1520,1701,1854,3582,2980.5,0.183408945798874,0.24272295832634,-0.601609647274017
1,831.5,1369,1798,1043,2465,2097,2210,2361,4433.5,3290.5,0.156462579965591,0.272979825735092,-0.52813446521759
1,813,1310,1726,926,2680,2116,2368,2579,4253,3141,0.216522932052612,0.418258219957352,-0.529031157493591
1,580.5,1077,1557,812.5,2271,1904.5,1995.5,2181.5,4328.5,3427,0.186520382761955,0.298136740922928,-0.601517021656036
1,452,1164,1788,775,2436,2010,2133,2312,4119,3615,0.153409078717232,0.219789773225784,-0.559341251850128
1,816,1336,1804,896,2562,2153,2370,2507,3962,3223,0.173614278435707,0.293383002281189,-0.495658755302429
1,627.5,1103,1548,769.5,2126,1766.5,1966.5,2080.5,3645,3060.5,0.157321706414223,0.216212958097458,-0.53538328409195
1,674.5,1239,1742,895,2563,2054.5,2180,2394,4245,3327,0.190708488225937,0.337509602308273,-0.548140048980713
1,308,832.5,1386,456,2358,1723,2061.5,2227,3525,2904,0.259615361690521,0.391547828912735,-0.617900133132935
1,662,1050,1342,782.5,2186,1667.5,1969,2093,4088.5,3242,0.239229008555412,0.413271933794022,-0.59132045507431
1,701,1424,2004,1027.5,2748,2286.5,2434,2583.5,4052.5,3112.5,0.156565681099892,0.276326686143875,-0.47995987534523
1,559,1220,1584,875,2010,1812,1859,1963,4150,3248,0.11853089928627,0.139711320400238,-0.545623779296875
1,755,1266,1722,922,2386,2323,2292,2539,4594,3725,0.161635860800743,0.262046813964844,-0.567918121814728
1,771.5,1288,1835,974.5,2678,2143,2276,2458.5,4544.5,3599,0.186793684959412,0.347524046897888,-0.558336853981018
1,538,1469,2240,1037,3144,2543.5,2687,2942.5,4318.5,2834.5,0.167904868721962,0.316779375076294,-0.492354184389114
1,721.5,1159,1504,942.5,1977,1668,1762,1889,3325.5,2830,0.13588048517704,0.189077824354172,-0.483108431100845
1,555.5,1254,1834,905,2645,2113,2250,2471.5,4393,3360,0.181067168712616,0.31704393029213,-0.555870354175568
1,687,1338,1808,1028,2416,2083,2150,2317,3968,3403,0.143939390778542,0.235565632581711,-0.495665282011032
1,856,1538,1940,1194,2784,2217,2464,2616,4238,3778,0.17866213619709,0.375501841306686,-0.467451483011246
1,875.5,1377,1800,1075,2389,2115,2192,2348.5,4143.5,3459.5,0.140606343746185,0.234196811914444,-0.501132190227509
1,756,1388,1823,1088,2321,2086,2123,2250,4121,3394.5,0.120173737406731,0.180325001478195,-0.496097296476364
1,733,1360,1868,1044,2598,2142,2229,2389,4266,3395,0.163457199931145,0.295298010110855,-0.516530394554138
1,675,991,1330,838,1822,1501,1565,1724,3874,2837,0.15609136223793,0.211225420236588,-0.592600226402283
1,690.5,1219,1578,846,2423,1909,2188.5,2341.5,3552.5,2830.5,0.211197197437286,0.37363937497139,-0.489049583673477
1,673.5,1208,1647,915,2408,1921,2112.5,2278.5,4179.5,3308,0.187669530510902,0.328167200088501,-0.551554560661316
1,981,1516,2008,1194,2922,2285,2601,2841,5052,4259,0.185395538806915,0.398211687803268,-0.538367867469788
1,819,1333,1786,1012,2503,2170.5,2348.5,2500,3845,2959.5,0.167171820998192,0.296950697898865,-0.4851293861866
1,516,1038,1584,739,2220,1782,1864,2025,4641,3974,0.167192444205284,0.237506002187729,-0.634442687034607
1,727,1260,1712,950,2216,1835,1917,2012,3949,3199,0.128309547901154,0.178731024265289,-0.516221880912781
1,752,1450,2040,1064,2624,2285,2384,2553,4422,3626,0.125214412808418,0.194857180118561,-0.506130814552307
1,432,1106,1778,672,2384,2027,2102,2266,4817,3926,0.145603075623512,0.186312109231949,-0.62654060125351
1,729,1293,1690,872.5,2613,2013.5,2350.5,2526,3791.5,3160.5,0.2145015001297,0.397047609090805,-0.491395384073257
1,628,1032.5,1465,791,2195,1683.5,1843,2024.5,4186.5,3393.5,0.199453547596931,0.320654720067978,-0.604330360889435
1,724,847,1170.5,701.5,1616,1505.5,1693.5,1942.5,3397.5,3267,0.159877970814705,0.183212637901306,-0.600895285606384
1,494,1192,1714,822,2764,2100,2369,2540,4588,3591,0.234479695558548,0.444533377885819,-0.587543249130249
1,786,1230,1686,977,2348,1924.5,2015.5,2169,4353,3706,0.164105117321014,0.277586221694946,-0.559376657009125
1,692,1295,1830,909.5,2293,1945,2102,2229,3635,2729.5,0.112296894192696,0.136552572250366,-0.474645018577576
1,777,1421,1885,1044,2704,2165.5,2290.5,2426.5,4036,3088.5,0.178470239043236,0.339726954698563,-0.479201018810272
1,712,1300,1708,1050,2314,1928,2031,2166,3954,3336,0.150671303272247,0.255205482244492,-0.5051389336586
1,744,1331,1873,872.5,2512,2178.5,2280.5,2434,4795,3886,0.145724043250084,0.217910200357437,-0.565458714962006
1,643,1056,1344,742,2406,1759,2257,2386,3575,2516,0.283200025558472,0.526467680931091,-0.543942987918854
1,852.5,1481,1984,1062,2589,2286.5,2345.5,2536,4552,3884.5,0.132298231124878,0.213088035583496,-0.509033679962158
1,730,1276,1679,968,2167,1927.5,1981.5,2104.5,3701,3085,0.12688510119915,0.176637232303619,-0.487241327762604
1,713,1473,2149,1036.5,2822,2433.5,2562,2685.5,4137.5,3067,0.135385245084763,0.22127103805542,-0.474913090467453
1,1242,1790,2340,1266,3218,2646,2786,2988,4149,3200,0.157970502972603,0.329081535339355,-0.397204905748367
1,580,1428,2014,957,2632,2156,2291,2366,3570,2558,0.133017674088478,0.200716614723206,-0.428571403026581
1,536,1024,1360,728,1892,1545,1643,1776,4066,3676,0.163591593503952,0.211765587329865,-0.597642421722412
1,765.5,1874,2558,1351,3332,2898,3092,3252,4458.5,3134.5,0.131409168243408,0.259454131126404,-0.408132702112198
1,779,1449,1994,1044.5,2511,2243,2304,2445,3747.5,2858,0.114761397242546,0.163004487752914,-0.442316949367523
1,674,1312,1828,968,2442,2027,2089,2269,3950,3322,0.143793940544128,0.225878059864044,-0.501330316066742
1,1180,1617,2001,1134,2744,2392,2675.5,2897,4769,4085.5,0.156585857272148,0.295692473649979,-0.493579745292664
1,554.5,1253,1665,860,2200,1825.5,1945,2041.5,4017,3376,0.138421729207039,0.189438045024872,-0.524478137493134
1,806,1092,1626,732,2086,1858,1951,2128,3890,3429,0.123922422528267,0.136445969343185,-0.561621844768524
1,719,1356,1714,1002,2700,2075,2418,2573,4195,3441,0.223380193114281,0.458531886339188,-0.511439383029938
1,864,1370,1870,1064,2524,2172,2299,2411,3879,3010,0.148839324712753,0.25724932551384,-0.477995842695236
1,747,1378,1812,993,2308,2157,2181,2294,3979,3232,0.120388358831406,0.167162597179413,-0.485532999038696
1,940,1478,1920,1136,3006,2281,2593,2779,4794,3902,0.220462828874588,0.495699197053909,-0.528698980808258
1,1073,1606,2096,1238,2754,2412,2464,2636,4606,3885,0.135670125484467,0.25293242931366,-0.482936263084412
1,648,1206,1746,819,2250,2008,2092,2211,3498,2819,0.12612609565258,0.156892448663712,-0.48724490404129
1,788,1638,2180,1258,2854,2392,2454,2635,4614,3879,0.133889570832253,0.251497000455856,-0.476007640361786
1,526,1194,1785,837,2551,1993,2066.5,2329,4361.5,3520,0.176660552620888,0.289953112602234,-0.570155680179596
1,776,1372,1830,1054,2420,2110,2198,2326,4082,3236,0.13882352411747,0.226404666900635,-0.496883004903793
1,1033,1648,2204,1212,2814,2444,2538,2682,4675,4053,0.121562354266644,0.207551628351212,-0.478728413581848
1,633,1152,1648,786,2322,1963,2100,2242,3899,2907,0.169773280620575,0.255664020776749,-0.543852686882019
1,987.5,1478,1913,1183,2828,2383.5,2616.5,2794,4858.5,3855,0.192997232079506,0.418247371912003,-0.53349643945694
1,619,1126,1495,755.5,2177,1746.5,1911.5,2095,4385,3551.5,0.18572986125946,0.280474931001663,-0.591362714767456
1,378,868,1472,505,1976,1732,1846,1984,3583,3106,0.14617170393467,0.149834722280502,-0.609975278377533
1,1090,1992,2627,1481,3409,2965.5,3065.5,3254.5,5005,3880,0.129556015133858,0.273573696613312,-0.430613160133362
1,798,1334,1727,1080,2287,1938,1989,2153,4025.5,3626.5,0.139511689543724,0.23014760017395,-0.502192378044128
1,907,1742,2432,1316,3276,2808,2871,3079,4648,3465,0.147862643003464,0.306157141923904,-0.454773098230362
1,793,1383,1940,1035,2748,2279.5,2407,2596.5,5257,4362.5,0.172354936599731,0.321587353944778,-0.58343368768692
1,707,1366,1914,909,2544,2226,2389,2460,3535,2436,0.141318991780281,0.213097363710403,-0.442562729120255
1,1079,1643,1960,1360,2821,2321.5,2516.5,2709.5,4614.5,4213,0.180087834596634,0.42353019118309,-0.474870175123215
1,1216,1826,2148,1512,3244,2580,2892,3129,4793,4359,0.203264102339745,0.552181243896484,-0.448255032300949
1,696.5,1240,1642,958,2465,1964.5,2157,2315,4082,3296.5,0.200389593839645,0.37393993139267,-0.53400981426239
1,665,1080,1626,810.5,2383,2160,2261.5,2463.5,3950,2814,0.188825145363808,0.308336138725281,-0.57057648897171
1,614,1089.5,1532,795,2166,1834,1947.5,2125.5,3553.5,2997.5,0.171444028615952,0.254480928182602,-0.530691385269165
1,586,1206,1646,886,2778,2113,2443,2632,4263,3337,0.255877047777176,0.521574020385742,-0.558968782424927
1,778.5,1319,1755,1050,2629,2090,2255.5,2432.5,4563,3716,0.19936129450798,0.399229139089584,-0.551513135433197
1,613.5,1111,1548,826.5,2174,1785.5,1865.5,2016.5,3866,3112.5,0.168189138174057,0.252967536449432,-0.55354630947113
1,603,1386,1892,974,2578,2131,2262,2452,4488,3479,0.153467580676079,0.255225330591202,-0.528089821338654
1,700,1316,1770,872,2302,2019,2099,2258,3997,3243,0.13064831495285,0.175733327865601,-0.504611253738403
1,673.5,1238,1997,870.5,2559,2179.5,2274.5,2427,4220.5,3707,0.123353816568851,0.164212942123413,-0.546395540237427
1,621.5,1166,1632,864,2196,1862.5,2000,2159.5,4057,3073.5,0.147335425019264,0.210951536893845,-0.553513288497925
1,640,1124,1514,816,2072,1688,1800,1931,3641,3001,0.155605137348175,0.217668473720551,-0.528226673603058
1,538,996,1478,662,1934,1669,1691,1786,2892,2514,0.133645951747894,0.142435699701309,-0.48765429854393
1,508,1020,1388,773,1978,1593,1768,1916,3733,2981,0.175282225012779,0.249822318553925,-0.570797383785248
1,700.5,852.5,1093.5,678,1958,1601,1822,1970,3374,2635,0.283303290605545,0.464060634374619,-0.596592962741852
1,632,1370,1950,974,2699,2171.5,2295.5,2512.5,4062,3139.5,0.161109924316406,0.278320670127869,-0.495581716299057
1,756,1379,1871,1027.5,2455,2111.5,2164,2324,3729,2879.5,0.134997695684433,0.212664395570755,-0.460062682628632
1,833.5,1463,1943,1081,2506,2219.5,2317,2475,4194,3391,0.126545324921608,0.199151068925858,-0.48276475071907
1,832.5,1309.5,1465,1228.5,2050,1650.5,1769,1861,3204,2651.5,0.166429564356804,0.337118744850159,-0.41974076628685
1,804,1344,1732,1056,2432,2081,2201,2357,4022,3488,0.168107599020004,0.306818902492523,-0.499068260192871
1,727.5,1484,2083,1066,2590,2325,2409,2491,3817.5,2947.5,0.108495630323887,0.150286167860031,-0.440158426761627
1,642.5,1247,1757,824,2491,2190,2394.5,2535,4160,3294.5,0.172787219285965,0.275937646627426,-0.538746058940888
1,782,1500,1952,1062,2388,2131,2193,2288,3987,3360,0.100460842251778,0.126414030790329,-0.453253149986267
1,590,1352,1946,901,2636,2297,2373,2536,4314,3401,0.150589242577553,0.237524211406708,-0.522767424583435
1,718,1244,1792,872,2348,2053,2194,2320,3864,2936,0.134299531579018,0.18568480014801,-0.51292097568512
1,719.5,1296,1846,916,2443,2290,2416.5,2556,3835.5,2980.5,0.139193281531334,0.206335723400116,-0.494884550571442
1,702,1430,2126,888,2834,2493,2594,2797,5511,4524,0.142741948366165,0.220291644334793,-0.587955594062805
1,956.5,1836,2489,1227,3198,2766.5,2927.5,3089.5,5395.5,4585,0.124670296907425,0.220778346061707,-0.492221504449844
1,595,1278,1788,841,2200,2003,2054,2129,3983,3078,0.1033099219203,0.106213450431824,-0.514160811901093
1,628,1316,1930,897,2686,2241,2360,2550,4247,3386,0.163778126239777,0.271886169910431,-0.526874005794525
1,838.5,1547,1971,1148,2818,2332,2569,2739,4212.5,2999,0.176863640546799,0.35980436205864,-0.462800621986389
1,689.5,1177,1541,823.5,1989,1773,1864,1971,3898.5,3328.5,0.126912176609039,0.151090055704117,-0.536203265190125
1,749,1394,1920,1078,2728,2252,2418,2568,4425,3274,0.173838198184967,0.334166079759598,-0.520879864692688
1,765,1211,1599,904.5,2410,1916,2168,2305.5,3606.5,2740,0.20229484140873,0.363956332206726,-0.497249573469162
1,700,1442,1960,1056,2670,2236,2298,2522,4517,3702,0.153347715735435,0.270973324775696,-0.516026198863983
1,666,1198,1644,830,2158,1748,1811,1937,3142,2819,0.135192021727562,0.176304638385773,-0.44792628288269
1,1200.5,1726,2236,1366,3179,2591,2808,2980,4989,4281,0.17414590716362,0.40367802977562,-0.485927045345306
1,1063,1440,1897,1163,2404,2076,2150.5,2292,4439.5,3659.5,0.117879539728165,0.186432212591171,-0.51016241312027
1,682,891.5,1289,700.5,2072,1563.5,1746.5,1921.5,4165.5,3424,0.232966363430023,0.3686763048172,-0.647419512271881
1,674,1402,2195,937,2975,2422,2527,2728.5,4491.5,3561,0.15087041258812,0.251038879156113,-0.52422159910202
1,715.5,1007,1450,701.5,1830,1608,1708,1945,3416.5,3049,0.115853659808636,0.107106849551201,-0.544704437255859
1,420,1072,1588,659,2216,1919,2122,2241,3307,2484,0.165089353919029,0.220080465078354,-0.510390520095825
1,780,1638,2086,1264,2850,2343,2585,2731,4348,3416,0.154781192541122,0.316998064517975,-0.452722996473312
1,666,1236,1784,927,2312,1990,2054,2254,3960,3462,0.12890625,0.179305076599121,-0.52424943447113
1,531,1329,2730,701.5,3459,3155,3262.5,3389.5,5423,4526,0.11778961867094,0.150283485651016,-0.606338858604431
1,669.5,1378,1868,1044,2665,2101.5,2259.5,2391.5,4221.5,3226,0.175821736454964,0.331346392631531,-0.507813155651093
1,928,1456,1919,1146,2672,2228.5,2325,2519.5,4670.5,3829,0.164016529917717,0.318847209215164,-0.524687826633453
1,774,1578,1976,1124,2932,2332,2611,2764,4081,3062,0.194783985614777,0.410610944032669,-0.442304253578186
1,545,1040,1444,803,2164,1629,1907,2055,3660,3384,0.199556529521942,0.321863532066345,-0.557446777820587
1,631,1088,1440,849,2124,1630,1789,1923,4033,3493,0.191919207572937,0.311742067337036,-0.575083017349243
1,589,900,1218,633,2128,1351,1686,1961,3198,2360,0.271966516971588,0.442366987466812,-0.560761332511902
1,617.5,1217,1798,851.5,2420,2063.5,2131,2310,3946.5,3309.5,0.147463232278824,0.216447353363037,-0.528614342212677
1,1706,2530,2996,2222,3492,3228.5,3219.5,3341.5,5125,4952.5,0.0764488354325295,0.185068339109421,-0.338994145393372
1,643,1428,1998,996,2622,2208,2299,2451,3777,3309,0.13506492972374,0.211292862892151,-0.451296836137772
1,844,1396,1880,1092,2424,2163,2198,2342,4278,3881,0.12639407813549,0.199163943529129,-0.507930994033814
1,640,1256,1810,920,2522,2092,2254,2404,4314,3270,0.164358288049698,0.272731781005859,-0.54901260137558
1,858,1733,2296,1228,3013,2531.5,2641,2811.5,4716.5,3908,0.135053664445877,0.250921100378037,-0.462593972682953
1,633,1216,1694,905,2360,1956,2011,2214,4746,3921,0.16428217291832,0.26480233669281,-0.592083156108856
1,653,1064,1556,772,2192,1841,1956,2142,3582,3047,0.169690519571304,0.247524261474609,-0.541971564292908
1,689,1298,1852,948,2330,2086,2236,2395,3647,2683,0.114299349486828,0.146726220846176,-0.47502526640892
1,662,1312,1732,1008,2354,1954,2106,2264,3970,2762,0.152227133512497,0.252472221851349,-0.503218472003937
1,1220,1666,2160,1328,3116,2431,2690,2851,4775,4169,0.181197866797447,0.418548792600632,-0.482688963413239
1,813,1578,2004,1170,3000,2276,2627,2825,4489,3343,0.199040800333023,0.436423152685165,-0.479808837175369
1,818,1472,2206,1036,2988,2434,2538,2719,4871,4319,0.150558337569237,0.265287637710571,-0.535866320133209
1,681.5,1211,1691,857.5,2480,1968.5,2189.5,2361,4085,3192.5,0.189163252711296,0.322667717933655,-0.542673707008362
1,765.5,1334,1892,1004,2480,2122,2230.5,2346.5,3879.5,2862.5,0.134492218494415,0.208245843648911,-0.488251656293869
1,762,1222,1668,980,2348,1883,1972,2166,4329,3530,0.169322684407234,0.291875958442688,-0.55971896648407
1,1414,2054,2796,1584,3542,3093,3171,3439,5918,5255,0.117702759802341,0.247960090637207,-0.484696447849274
1,604,1284,1920,929,2478,2166,2282,2400,3494,2675,0.126875832676888,0.178357094526291,-0.462536633014679
1,668,1121,1618,750.5,2126,1948,2062,2158.5,3210.5,2668,0.135683760046959,0.165541440248489,-0.482396364212036
1,379,913.5,1241,558.5,2081,1631.5,1820,1975.5,3870.5,3214,0.252859741449356,0.377349883317947,-0.618102073669434
1,807,1462,1966,1034,2684,2295,2331,2456,4416,3708,0.154408603906631,0.270299583673477,-0.502551853656769
1,589,937,1358,671,1928,1533,1745,1914,3301,2870,0.17346316576004,0.224716067314148,-0.557810306549072
1,871,1420,1770,1122,2725,2142,2410.5,2620.5,4689.5,4027.5,0.212458297610283,0.460565000772476,-0.535150229930878
1,847,1984,2746,1402,3746,3123,3356,3492,4670,3350,0.154035732150078,0.340974003076553,-0.403666943311691
1,672,1111,1517,808,1927,1730,1806,1875.5,3211,2670.5,0.119047604501247,0.129741966724396,-0.485886126756668
1,613,1454,2022,1015,2888,2338,2531,2697,4268,3150,0.176374763250351,0.331976771354675,-0.491786122322083
1,563,1290,1692,954,2430,1812,2049,2160,3924,3402,0.179039299488068,0.314696550369263,-0.505178451538086
1,949,1590,2124,1228,2684,2422,2502,2650,4527,3476,0.11647255718708,0.194319695234299,-0.480137288570404
1,775,1166,1618,899,2322,1934,2069,2262,4138,3327,0.178680211305618,0.298528552055359,-0.56033182144165
1,593,1200,1576,816,2338,1824,1994,2172,4017,3109,0.194685742259026,0.32172754406929,-0.539965510368347
1,708,1068,1484,801,1892,1678,1742,1856,3455,2881,0.120853096246719,0.131542578339577,-0.527747094631195
1,742,1372,1914,882,2864,2274,2572,2714,4673,3685,0.198827922344208,0.366562604904175,-0.546071112155914
1,719.5,1144,1546,900.5,2377,1852,2054,2260,4246.5,3396.5,0.21182769536972,0.386481493711472,-0.575549602508545
1,859,1174,1560,956,2154,1840,1936,2125,4902,4311,0.159935355186462,0.256562858819962,-0.613561570644379
1,981.5,1511,1988,1220,2740,2326,2465,2644.5,4647.5,3714,0.159052446484566,0.320319294929504,-0.509296119213104
1,917.5,1270,1709,1000,2289,1978.5,2047,2178.5,3755.5,3139,0.145072534680367,0.230740278959274,-0.494577646255493
1,745,1274,1656,927,2128,1858,2031,2185,3575,2784,0.124735713005066,0.164515912532806,-0.474530816078186
1,653.5,1427,1975,1020,2845,2343.5,2513,2744.5,4784,3849,0.18049792945385,0.343669086694717,-0.540492653846741
1,544,1318,1938,867,2632,2189,2260,2472,4555,3559,0.151859983801842,0.235497415065765,-0.551166355609894
1,722,1318,1868,982,2536,2109,2238,2412,4087,3229,0.151680290699005,0.250890642404556,-0.512303411960602
1,684,1132,1566,878,2500,1870,2112,2353,4813,4056,0.229709789156914,0.433762103319168,-0.619175732135773
1,769.5,1376,1569.5,1183.5,2174,1961.5,2054.5,2144.5,3241.5,2422.5,0.161479905247688,0.312028348445892,-0.404006481170654
1,316,578,805,317,1672,1086,1376,1651,2724,1878,0.350020170211792,0.437206536531448,-0.649909138679504
1,627,1306,1794,872,2592,2147,2269,2440,3665,3025,0.181942567229271,0.311228722333908,-0.474552363157272
1,676,1230,1755,793,2376,2084.5,2194.5,2343,4416,3481.5,0.150326773524284,0.213217079639435,-0.564293324947357
1,704,1522,2132,1144,2822,2415,2531,2659,4585,4117,0.139281392097473,0.248387813568115,-0.501555562019348
1,716,1524,2177,1112,3011,2465,2580,2778,4773.5,3731.5,0.160755544900894,0.307394921779633,-0.515998363494873
1,1036,2436,3064,1766,3620,3243,3309,3470,5202,3636,0.0831837058067322,0.150085657835007,-0.362136691808701
1,572,1214,1632,859,2142,1919,1994,2135,3508,2704,0.135135129094124,0.179772973060608,-0.485811114311218
1,1194.5,1642,1903,1476.5,2782,2158.5,2363,2472.5,4120,3147.5,0.187620058655739,0.487698823213577,-0.430059015750885
1,847,1570,2082,1220,2634,2375,2431,2576,4286,3630,0.117048338055611,0.194521248340607,-0.463797807693481
1,719,1369,1820,984.5,2425,2027.5,2196.5,2318.5,3396.5,2652,0.142520636320114,0.224844425916672,-0.425453811883926
1,617.5,1035,1330,738,2368,1649,2067.5,2231.5,3904,2901,0.280692249536514,0.515815615653992,-0.580886781215668
1,715.5,1177,1643,888,2343,1884.5,2005.5,2183.5,4325.5,3424,0.175614684820175,0.289406269788742,-0.572194457054138
1,793,1370,1848,1028,2744,2159,2342,2520,4601,4160,0.195121943950653,0.384686976671219,-0.541115403175354
1,1371,1914,2318,1510,2986,2648,2750,2855,4530,3669,0.125942662358284,0.270082652568817,-0.405959069728851
1,634,907,1356,681,2056,1598,1727,1934,3879,3245,0.205158248543739,0.301735430955887,-0.620977818965912
1,800,1232,1716,836,2136,1987,2061,2206,4478,3229,0.10903425514698,0.117051333189011,-0.568476378917694
1,681.5,1235,1813,894,2256,2069.5,2225.5,2328.5,3791,2763,0.108871974050999,0.125894069671631,-0.50855553150177
1,600,975,1173.5,692.5,2528,1550,2193.5,2410,3531.5,2827.5,0.365932732820511,0.734260082244873,-0.567291736602783
1,726,1272,1642,970,2712,2081,2317,2569,4276,3759,0.245751053094864,0.515014052391052,-0.541456341743469
1,673,1460,1938,1072,2584,2170,2279,2442,3620,2785,0.142857119441032,0.243307739496231,-0.425196826457977
1,891.5,1241,1694,987.5,2187,1867.5,1941.5,2065.5,4322,3423.5,0.127029106020927,0.180377990007401,-0.553837835788727
1,807,1404,1814,1032,2412,2043,2215,2371,3795,3127,0.141504973173141,0.229705721139908,-0.459896087646484
1,618,1104,1488,761,1964,1747,1880,1961,3000,2416,0.137891083955765,0.165540456771851,-0.461988359689713
1,733,1462,2020,1084,2610,2289,2430,2563,4208,3191,0.127429813146591,0.203478932380676,-0.484303325414658
1,580,1128,1532,744,2026,1748,1896,2021,4023,3228,0.138842046260834,0.167729049921036,-0.562026798725128
1,566,1035,1339,761,2186,1653.5,2007,2133.5,3116.5,2449.5,0.24028368294239,0.409897655248642,-0.501385033130646
1,571.5,1260,1833,887,2423,2045.5,2152.5,2272.5,4173.5,3805.5,0.138627827167511,0.200248509645462,-0.536210596561432
1,668,1337,1773,940.5,2652,1991,2276,2431.5,4081,3509.5,0.198644027113915,0.371679127216339,-0.506459891796112
1,867,1534,1998,1034,2658,2353,2496,2648,4588,3561,0.141752570867538,0.235424876213074,-0.498856544494629
1,816.5,1604,2137,1210,3145,2521,2723,2911.5,4791.5,3744,0.190836802124977,0.42174431681633,-0.498397320508957
1,2462,2736,2730,2670,3288,2749,2842,2817,3568,2683,0.0927218273282051,0.405396074056625,-0.131979659199715
1,781,1578,2030,1130,2746,2295,2417,2569,4375,3443,0.149916261434555,0.275667309761047,-0.469847083091736
1,815,1188,1716,859,2193,1887,1979.5,2082.5,4269,3694,0.122026093304157,0.150872647762299,-0.564595878124237
1,573.5,1285,1834,829,2649,2048,2244,2428,4034,3377.5,0.18179789185524,0.304796874523163,-0.516826510429382
1,930,1478,1934,1160,2418,2163,2268,2422,4326,3747,0.111213244497776,0.1677186191082,-0.49069607257843
1,851.5,1376,1867,1080,2625,2255,2393.5,2622.5,4352,3320.5,0.168744415044785,0.317945122718811,-0.519553065299988
1,638,1284,1798,846,2714,2299,2458,2742,4202,3191,0.203014180064201,0.364906162023544,-0.531899392604828
1,538,1070,1468,809,2070,1668,1804,1943,4048,3493,0.170152649283409,0.249650686979294,-0.581867933273315
1,729.5,1221,1643,883,2282,1937.5,2047.5,2172.5,3733.5,2998.5,0.162802577018738,0.254466950893402,-0.507114768028259
1,1053,1788,2130,1412,2830,2528,2623,2753,4775,4125,0.141129016876221,0.303537905216217,-0.45512717962265
1,577,1204,1594,843,2134,1736,1808,1908,4383,3405,0.144849807024002,0.199667751789093,-0.568999469280243
1,669,1166,1558,867,2198,1810,1902,2055,3820,3486,0.170394033193588,0.266804069280624,-0.532290399074554
0,377.5,850,1316,532.5,2512,1820,2242.5,2506,3603,2784.5,0.312434673309326,0.541050434112549,-0.618234872817993
0,272,380,491,299,1222,675,1015,1185,1645,1171,0.426736742258072,0.436433345079422,-0.624691307544708
0,400,835,864,491,2480,1476,2227,2474,2485,1721,0.483253568410873,0.927432775497437,-0.49698793888092
0,146.5,405.5,741,204,1229,1052,1251.5,1374,2320.5,1736,0.24771574139595,0.194050878286362,-0.702494561672211
0,136,454,979,234,1900,1426,1725,1862,2824,2244,0.319902718067169,0.40203520655632,-0.723001897335053
0,216,786,765,387,2867,1379,2484.5,2806.5,2533,1639,0.578744530677795,1.18830323219299,-0.526363432407379
0,194.5,615,865,338,2050,1335,1760.5,1939,2250.5,1455,0.406518012285233,0.610889911651611,-0.570755541324616
0,238.5,737,1510,374,2116,1962.5,2146,2228.5,3440,2628,0.167126342654228,0.180365413427353,-0.647115111351013
0,327,778,1274,456,1890,1659,1909,2049,2497,2023,0.194690272212029,0.227768898010254,-0.524885535240173
0,367.5,982,1176,634.5,2680,1451,2322.5,2630,2885.5,2037,0.390041530132294,0.790289759635925,-0.492178410291672
0,293.5,551.5,788.5,332,1624,1171.5,1663,1822.5,1906,1421,0.346321254968643,0.427048534154892,-0.551169872283936
0,497,1008,1368,703,2326,1630,1994,2217,3231,2251,0.259339451789856,0.449775785207748,-0.524416089057922
0,311.5,675,976.5,453,1400,1130.5,1192,1269,3007,3068.5,0.178203240036964,0.158345103263855,-0.633351445198059
0,284,816,1284,498,2066,1683,2058,2159,3108,2450,0.233432844281197,0.323109418153763,-0.584097802639008
0,648,1287,2242,783,2813,2480.5,2566,2715.5,4410,3692,0.112957492470741,0.13526451587677,-0.54818332195282
0,163.5,459,698.5,272.5,1124,882.5,1034.5,1103,2052.5,1608,0.233470544219017,0.171998918056488,-0.634481430053711
0,545,1060,1586,774,1628,1703,1745,1812,2942,2040,0.0130678182467818,-0.093233734369278,-0.470264852046967
0,218,511,1019.5,292.5,1388,1285.5,1457,1531,1986,1869,0.153063341975212,0.0996884703636169,-0.59070885181427
0,333,739,1054,481,1558,1298,1594,1707,2315,1773,0.192955568432808,0.201358258724213,-0.516044497489929
0,598,1258,1880,766,2534,2245,2443,2525,3767,3246,0.148164942860603,0.209380060434341,-0.499303549528122
0,804,1764,2712,1158,3278,2845,2899,3060,4604,3628,0.0944908261299133,0.127361625432968,-0.445979863405228
0,254,619,1300,375,1584,1523,1590,1594,2127,1772,0.0984743535518646,0.0370119363069534,-0.5491623878479
0,630,1537,2769,909,3600,3144.5,3336,3497.5,4946,4236.5,0.130475774407387,0.203261613845825,-0.525836825370789
0,259.5,750.5,1389,450.5,1724,1643.5,1780,1822.5,2939.5,2305.5,0.107613243162632,0.063667356967926,-0.593224942684174
0,274,906.5,2119,451.5,2710,2462.5,2662,2750.5,4081.5,3568,0.122385591268539,0.12456539273262,-0.63652765750885
0,493.5,1165,1678,734.5,2066,2061,2213.5,2291.5,3232.5,2837.5,0.103632487356663,0.0930921733379364,-0.470153510570526
0,179,658,1214,403,1622,1238,1476,1528,2501,1974,0.143864616751671,0.114339262247086,-0.583412408828735
0,165,754,1674,388,2292,1850,2106,2181,3260,2688,0.155824512243271,0.169748902320862,-0.624314904212952
0,263,831,1696,429,2954,2536,2986,3143,4145,3809,0.27053764462471,0.453430503606796,-0.665996789932251
0,193,637,1202,339,1896,1374,1608,1774,3063,2315,0.22401550412178,0.260933995246887,-0.655675709247589
0,116,431.5,639,246,1662,1017,1446.5,1634,2348,1709,0.444589287042618,0.559828281402588,-0.689512550830841
0,257,835,1580,464,2192,1704,1901,2021,3015,2504,0.162248119711876,0.186284273862839,-0.56623375415802
0,191.5,658,1607,332,1945,1814,1982.5,2019,3313.5,2673.5,0.0951576754450798,0.0420885384082794,-0.668639004230499
0,439,1013.5,1973,577.5,2369,2444,2454,2591.5,4306.5,3878,0.0912022143602371,0.0622105598449707,-0.618984937667847
0,1096,1614,1790,1330,3162,2309,2795,3074,3683,2988,0.277059763669968,0.773056149482727,-0.390598446130753
0,402,987,1358,624,2382,1602,2161,2359,3307,2667,0.273796766996384,0.46635827422142,-0.540288746356964
0,252,719,1536,409,2096,1762,1905,1991,3228,2737,0.154184997081757,0.159628838300705,-0.635672628879547
0,251.5,662.5,1347,367.5,1724,1625,1733,1801.5,2766,2138.5,0.122761309146881,0.0820008665323257,-0.613533616065979
0,328,695,867,453,1960,1287,1725,1920,2920,2063,0.386628925800324,0.600237727165222,-0.615491032600403
0,249,899,1452,422,1924,1561,1706,1850,3241,2204,0.139810413122177,0.126361489295959,-0.565700471401215
0,357,910,1842,480,2834,2244,2735,2860,4055,3980,0.212147131562233,0.324306964874268,-0.633434057235718
0,805,1826,2120,1630,2984,1968,2302,2490,3350,2952,0.169279024004936,0.4617820084095,-0.294435858726501
0,383,874,1130,541.5,2756,1652,2473.5,2733.5,2852,2210.5,0.4184250831604,0.832397937774658,-0.530864238739014
0,374,702,1300,440.5,1824,1667,1941.5,1968,2498.5,2243,0.167733713984489,0.172411024570465,-0.561318576335907
0,166,666,491.5,347,2511,1114.5,2127,2439,2141.5,1201,0.67260617017746,1.30267882347107,-0.52555650472641
0,218.5,605,816,347.5,1886,1245,1823.5,1942,2083.5,1375,0.396002948284149,0.564725875854492,-0.549934923648834
0,350.5,1051,613,488,4053,1567,3613.5,4064,2495.5,1272,0.737248122692108,2.09327125549316,-0.407303005456924
0,1315,1578,1454,1678,2112,1457,1606,1647,1729,1309,0.184520468115807,0.603319764137268,-0.0456607267260551
0,365,1198,1852,709,2994,2098,2504,2736,3653,2951,0.235658258199692,0.431771904230118,-0.506081223487854
0,56,437.5,833.5,236.5,1552,953.5,1195,1267,2076.5,1651,0.301194727420807,0.32172679901123,-0.651949107646942
0,420,1040,1214,791,2196,1679,2069,2333,3385,2602,0.287976533174515,0.537633180618286,-0.529943466186523
0,637,1608,2964,854,3630,3589,3776,3835,4980,4170,0.101000905036926,0.122872069478035,-0.511839687824249
0,303.5,684.5,906.5,504,2141,1347,1845,2090.5,3141.5,2139,0.405086159706116,0.691134333610535,-0.642185032367706
0,277.5,643.5,981,415,1563,1261,1537,1611,2203,1709.5,0.228773579001427,0.249187916517258,-0.547865867614746
0,245,765,1364,437,1982,1670,1870,1956,2946,2495,0.184698149561882,0.212983220815659,-0.587712228298187
0,304,791.5,1640,433,2070,2032.5,2184.5,2245.5,3857.5,3107,0.115902960300446,0.0904045403003693,-0.659496665000916
0,391,885,1568,530,2008,1825,1882,1985,3454,3070,0.12304250150919,0.110186442732811,-0.592071950435638
0,29,276,437,122,1710,699,1421,1633,1635,1086,0.592920422554016,0.740186333656311,-0.71114593744278
0,484,912.5,1093,596,2325,1650,2279,2487,2777,2063.5,0.360444694757462,0.655151963233948,-0.505353033542633
0,214,504,642,273.5,1357,820.5,1165.5,1307,2135.5,1489,0.357678860425949,0.373510748147965,-0.618109524250031
0,44,463,1079,246.5,1552,1286.5,1467,1551,2398.5,2108,0.179779559373856,0.146463066339493,-0.676393449306488
0,423.5,984,2005,593.5,2696,2694,2929.5,2988.5,4127.5,3657,0.146990016102791,0.190269947052002,-0.614985823631287
0,233,669,1272,350.5,1847,1543.5,1748.5,1864,3249.5,2600.5,0.184353917837143,0.190652638673782,-0.65854287147522
0,310.5,910,1566,512,2144,1822,2022,2127,2966.5,2490,0.155795142054558,0.177367776632309,-0.53050434589386
0,337.5,933.5,1302,569.5,2463,1712,2237.5,2491,3430,2796,0.308366507291794,0.538174033164978,-0.572132468223572
0,379,1194,2006,678,3348,2801,3246,3487,4529,3970,0.250653713941574,0.47997972369194,-0.582736313343048
0,299.5,662,1401,367.5,2080,1805,2001.5,2082,2853.5,2620,0.195058897137642,0.228398323059082,-0.623382151126862
0,326,737,929,412,1798,1268,1554,1736,3029,2261,0.318665206432343,0.432350486516953,-0.608603239059448
0,206,624,1253,333.5,1895,1625,1915.5,2032.5,2864.5,2380.5,0.203938990831375,0.225364208221436,-0.64225310087204
0,194,586,1136,300,1938,1489,1752,1912,3107,2646,0.260897874832153,0.321535289287567,-0.682642817497253
0,305.5,709.5,1351,419.5,1998,1677.5,1846,1956.5,3070.5,2704,0.193191960453987,0.227099686861038,-0.624603152275085
0,336,944.5,2149,529,2720,2552,2747.5,2825.5,4000.5,3533.5,0.117272555828094,0.120592653751373,-0.617998003959656
0,481,1068,1624,707,2514,1957,2198,2384,3739,2897,0.215079709887505,0.356775045394897,-0.555648028850555
0,434.5,1136,2716,629.5,3374,3157,3310,3417.5,4759,4443.5,0.10804595053196,0.120553374290466,-0.614588558673859
0,245,705,1396,437,1684,1569,1724,1729,2697,2398,0.0935065299272537,0.0372188836336136,-0.585537850856781
0,212,651,1432,338,1808,1758,1904,1946,3595,2891,0.116049416363239,0.0723678171634674,-0.693358421325684
0,388,1019,1340,584,2618,1827,2356,2505,3537,2650,0.322890311479569,0.592130780220032,-0.552677750587463
0,349.5,672,852,445,1457,1081,1321.5,1430.5,2591,1720.5,0.262018173933029,0.295575559139252,-0.588109076023102
0,368,988,1760,542,2412,2168,2287,2428,3970,3231,0.156279966235161,0.193913042545319,-0.601452171802521
0,344,862,1524,508,2060,1761,1867,1997,3954,3090,0.149553567171097,0.160723716020584,-0.642026543617249
0,731,1819,3294,981,4035,3547.5,3689,3799,5395,4642.5,0.10110517591238,0.13547819852829,-0.495702803134918
0,249,571,1152,291,2066,1608.5,1887.5,2026.5,3475,2730,0.284027338027954,0.374222874641418,-0.717745900154114
0,565,887,1100,633,2364,1655,2243,2459,2724,1987,0.364896059036255,0.686197876930237,-0.508723378181458
0,236,604,1428,309,1614,1651,1746,1771,2439,2136,0.0611439906060696,-0.0238260701298714,-0.603023290634155
0,715,1396,2166,824,2608,2442,2512,2529,3405,2906,0.0925848409533501,0.0878221988677979,-0.418454527854919
0,296,409,824,341,1522,1052,1225,1374,2605,2192,0.297527670860291,0.335924535989761,-0.728599905967712
0,360,792,1440,439,1932,1774,2014,2113,2942,2542,0.145907521247864,0.139538794755936,-0.575790047645569
0,589.5,1195,1707,812,2743,1955,2392,2618,3574.5,2934,0.232809022068977,0.436638742685318,-0.498899281024933
0,414.5,1074,1887,598,2485,2184.5,2301,2434,4031.5,3214,0.136779502034187,0.161935329437256,-0.579277217388153
0,836,1418,1406,987,2110,1566,1811,1938,2680,1894,0.200227528810501,0.366473704576492,-0.307955116033554
0,440.5,985,1170,610.5,2423,1593,2278,2451.5,3106,2200,0.348733633756638,0.644459247589111,-0.51845520734787
0,308,935,932,476,3032,1638,2587,2882,2441,1595,0.52976793050766,1.14375782012939,-0.446090072393417
0,234.5,865,1196,498,1850,1332.5,1459.5,1654.5,2638,1883,0.21470782160759,0.268857002258301,-0.506137609481812
0,477.5,1370,2345,703,3068,2799.5,3010,3137.5,4145,3603,0.133567348122597,0.18108007311821,-0.503173232078552
0,361,714,749,469,1692,954,1265,1455,1888,1286,0.386317074298859,0.555279016494751,-0.451191365718842
0,548,1330,2554,800,3088,3096,3201,3284,5004,4128,0.0946472957730293,0.0975109338760376,-0.580044150352478
0,292,881,2114,460,2544,2543,2678,2762,4030,3567,0.092314325273037,0.060590848326683,-0.641213536262512
0,688,1112,1876,784.5,2080,2092,2141,2199.5,2423,2268,0.0515672452747822,-0.0122726410627365,-0.370862782001495
0,166,670,1694,380,2428,1949,2285,2394,3161,2791,0.17806887626648,0.218289583921433,-0.650221884250641
0,310,650,887,429,1826,1229,1623,1720,2757,2201,0.346111327409744,0.49168786406517,-0.618432641029358
0,240,652,1338,387.5,1930,1687,1939,1975.5,3158,2784.5,0.181150570511818,0.196022897958756,-0.6577427983284
0,227,876,1672,477,2400,1933,2083,2225,3694,3260,0.178781926631928,0.231240719556808,-0.61663019657135
0,462,1122,1754,656,2158,1983,2116,2214,3634,3122,0.103271976113319,0.087730199098587,-0.528174996376038
0,315.5,847.5,1749,464.5,2583,1958.5,2265,2416,3926.5,3235.5,0.192520797252655,0.267006635665894,-0.644951820373535
0,520,1040,1808,592,2990,1976,2495,2827,3437,2676,0.246352627873421,0.433149069547653,-0.53540313243866
0,556,1542,2930,868,3688,3305,3437,3570,4780,4005,0.114536114037037,0.158925026655197,-0.512179613113403
0,534,1388,2652,813,3320,2917,3020,3059,4755,4101,0.111855328083038,0.143171012401581,-0.548103511333466
0,688,1566,2928,885,3450,3381,3468,3561,5435,4880,0.0818438231945038,0.0756584107875824,-0.552635371685028
0,299,668.5,1424,402.5,1908,1768,1877.5,1970,3535,3127.5,0.145258113741875,0.133116692304611,-0.681931674480438
0,147,329,461,199,1032,664,849,955,1916,1329,0.382451415061951,0.301706254482269,-0.706904172897339
0,38,350,470,189,1204,709,1061,1165,1821,1270,0.438470721244812,0.408635407686234,-0.677567958831787
0,661,1387,1371,929.5,3694,2035.5,3290,3667.5,3270.5,2357.5,0.458637714385986,1.28757131099701,-0.404401540756226
0,114.5,527,895.5,301.5,1949,1188.5,1666.5,1871,2468,1848.5,0.370363891124725,0.514698147773743,-0.648080110549927
0,158,544.5,1282,296,1408,1487.5,1534.5,1571.5,2234,2109,0.0468401685357094,-0.0504839792847633,-0.608061850070953
0,414,934.5,1682,574,2094,1872,1935,2013,3303.5,3360,0.109110154211521,0.0904077887535095,-0.558990061283112
0,2417,1536,1380,1762,2172,1916,2084,2124,2242,1736,0.222972974181175,0.87186324596405,-0.186871334910393
0,181.5,612.5,881.5,430,1636,1130,1489,1642.5,2589,2049,0.299702078104019,0.380135238170624,-0.617366850376129
0,277,622,973.5,402.5,1386,1163,1461,1570.5,2370.5,1759,0.174825191497803,0.144598364830017,-0.584294080734253
0,384,828,938,478,2810,1923,2792,3068,3615,2903,0.499466329813004,1.02198767662048,-0.627278864383698
0,331,960,1564,588,2170,1979,2237,2324,3147,2677,0.162292450666428,0.201719403266907,-0.532505452632904
0,417,1078,1814,680,2468,2123,2214,2322,4052,3398,0.152732372283936,0.206097632646561,-0.579727053642273
0,350.5,1003.5,1662,663.5,1965,1799,1856,1932,2344.5,1806.5,0.0835401341319084,0.0435869246721268,-0.400537610054016
0,246,719,941,387,2620,1439.5,2293.5,2577,2901,2111.5,0.471496760845184,0.870482683181763,-0.602762401103973
0,379,982,1960,541,3094,2455,2990,3144,3874,3265,0.22437672317028,0.375209420919418,-0.595551908016205
0,350.5,874,1326,663.5,2116,1483,1707.5,1873.5,3016.5,2441.5,0.229517742991447,0.355348527431488,-0.550700426101685
0,598,1665,2795,1031,3257,2801.5,2912,3066,4275.5,3534.5,0.0763384029269218,0.0694359242916107,-0.439441114664078
0,320,871,1462,537,2383,1685,1973,2123,3476,2849,0.239531844854355,0.368378341197968,-0.599263846874237
0,266,778,1644,393,2258,1830,2126,2224,3339,2693,0.157355204224587,0.17163622379303,-0.622054874897003
0,290,715,1664,379,2032,1923.5,2065.5,2160,4038.5,3089,0.0995670929551125,0.055602103471756,-0.699169039726257
0,915,1866,2458,1510,3208,2698,2823,2997,5160,4604,0.132368519902229,0.289897918701172,-0.468830019235611
0,432,1242,2192,712,2764,2469,2592,2707,4028,3496,0.115415662527084,0.133445382118225,-0.528652727603912
0,281,658,1172,338,2417,1804.5,2160.5,2349.5,3511,2619,0.34689325094223,0.547781229019165,-0.684336721897125
0,157.5,482,1077,242.5,1583,1279,1742.5,1860,2269,2008.5,0.190225556492805,0.164059638977051,-0.649581968784332
0,681.5,1332,1728,892.5,2125,2011.5,2041.5,2139.5,3729,3146.5,0.103036597371101,0.109280720353127,-0.473621815443039
0,362,750,1186,477.5,1952,1370,1715,1867.5,2841.5,2376.5,0.244104489684105,0.329380452632904,-0.582347214221954
0,250,585,1078,332,1614,1427,1589,1662,2320,1954,0.199108496308327,0.192936420440674,-0.597246170043945
0,168,470,947,266,1548,1130,1287.5,1430.5,2444.5,2059,0.240881741046906,0.238812923431396,-0.677474737167358
0,197,675,1528,401,2070,1936,2114,2204,3031,2805,0.150639280676842,0.15091148018837,-0.635725855827332
0,354,1033,2126,584.5,2946,2636.5,2918.5,3030,4058,3701.5,0.161671951413155,0.229913264513016,-0.594185829162598
0,654,634.5,910.5,352.5,1515,1218,1381.5,1564.5,3328.5,2413.5,0.249226972460747,0.263443261384964,-0.679787993431091
0,46.5,369,707,200.5,1213,860,1220.5,1339,1891,1442.5,0.263541668653488,0.210054486989975,-0.67345130443573
0,184,735,1470,391,2408,1918,2197,2389,3551,2751,0.241877257823944,0.345732063055038,-0.657022833824158
0,311.5,830,1594,423,2831,2098,2594,2778.5,4265,3532,0.279548048973084,0.464060932397842,-0.674190402030945
0,831,1742,2744,1076,3392,3220,3323,3390,4777,4176,0.105606243014336,0.151033312082291,-0.4655621945858
0,201,532,734,334,1648,1007,1361,1532,2197,1695,0.383711159229279,0.492255419492722,-0.610113620758057
0,509,896,1126,661,2040,1488,1827,1969,3640,2897,0.288692355155945,0.479400724172592,-0.604938268661499
0,429,1042,1822,590,2458,2069,2248,2387,3786,2996,0.14859813451767,0.185328274965286,-0.568351268768311
0,378,912,1986,482,2580,2409,2536,2671,4652,3649,0.130091980099678,0.139302313327789,-0.672178328037262
0,342.5,1091,2599,564,3164,2940.5,3089,3217,5054,3971,0.0980391874909401,0.0903505980968475,-0.644914627075195
0,335,1023,1868,533,2522,2147,2324,2466,3541,3031,0.14897495508194,0.181781083345413,-0.551709055900574
0,151,637,1228,332,1848,1461,1604,1749,2932,2591,0.201560467481613,0.217280387878418,-0.64303731918335
0,282,598.5,979,366,1619,1298,1552.5,1669.5,2717.5,2292.5,0.246343314647675,0.274514228105545,-0.639022886753082
0,261,532,931,333,1362,1198,1508,1545,2375,2031,0.187963366508484,0.151775807142258,-0.633986949920654
0,477,738,948,605,1356,1075,1163,1283,2751,2105,0.17708332836628,0.177075356245041,-0.576956152915955
0,234,678,1406,376,2102,1796,2099,2207,3230,2812,0.198403671383858,0.237306445837021,-0.653019547462463
0,374,1030,2408,565,2980,2826,2985,3059,4293,3776,0.106161870062351,0.105097472667694,-0.613000214099884
0,358,994,2030,587,2728,2340,2645,2734,3816,3339,0.14670030772686,0.189888656139374,-0.586694359779358
0,147,749.5,565,307,3948,1438,3370.5,3942.5,2273.5,1347,0.749612271785736,1.91713261604309,-0.504134893417358
0,335,949,1420,558,2362,1730,2144,2301,3067,2375,0.249074563384056,0.392294675111771,-0.527390420436859
0,337,785,1682,431,2470,2069,2244,2370,3376,2852,0.189788043498993,0.250734776258469,-0.622686862945557
0,391,857,1188,496,1906,1520,1863,2012,2637,2028,0.232062041759491,0.306076645851135,-0.509444773197174
0,779,1148,1274,791,2592,1712,2193,2436,3429,2821,0.340920865535736,0.7154541015625,-0.498361349105835
0,193.5,892.5,1076,452,2561,1336,2145,2425,3082.5,2120.5,0.408303529024124,0.74152672290802,-0.550943434238434
0,516,649,1230,319,1792,1696,1861,1933,2902,2623,0.185969531536102,0.18494638800621,-0.634469091892242
0,281,754,1100,457,2062,1481,2001,2155,2621,2214,0.304237812757492,0.453156918287277,-0.553185224533081
0,515.5,1092,1458,679.5,2385,1715,2092,2253.5,3317,2691,0.241217821836472,0.404843896627426,-0.504649579524994
0,314,918,1468,509,2642,1862,2466,2626,3163,2541,0.285644769668579,0.484230607748032,-0.550110280513763
0,266,742,1694,401,1932,1780,1960,1915,3654,2586,0.0656370595097542,-0.00522477179765701,-0.662420332431793
0,292,837.5,971.5,531,2602,1212.5,2087,2337.5,2303,1471,0.456275373697281,0.902719855308533,-0.466645449399948
0,474,1015,1136,707.5,2474,1464.5,2157.5,2363,3173.5,2421.5,0.370637118816376,0.747448086738586,-0.515339612960815
0,139.5,431.5,854,220.5,1520,1072.5,1356,1548,2468.5,1975,0.280539155006409,0.28385916352272,-0.702413856983185
0,143,430,563,281.5,1279,832,1056,1202.5,1856.5,1398.5,0.388707935810089,0.398208349943161,-0.623879313468933
0,459.5,903,1124,588,2507,1703,2395.5,2571,2756,2099.5,0.380886822938919,0.724883556365967,-0.506422519683838
0,332,963,1878,521,2806,2327,2623,2755,3692,3076,0.198121279478073,0.298222959041595,-0.586251318454742
0,486,871,1466,594,1914,1754,1896,2006,2712,2372,0.132544413208962,0.131287068128586,-0.513815224170685
0,151,343,277,189,2246,671,1702,1993,1215,546,0.780420184135437,1.3078521490097,-0.559691905975342
0,287.5,585,1313,348,1482,1636.5,1726,1695.5,4707,3694,0.0604651235044003,-0.0267399773001671,-0.778911530971527
0,289.5,975.5,2265,508.5,3393,3201,3404,3579,5780,4959,0.199363738298416,0.322357803583145,-0.711198329925537
0,562,1392,2301,860,3011,2518,2675,2836.5,4347,3620.5,0.133659601211548,0.197311460971832,-0.514898121356964
0,414,692,745,487,2038,1411,1851,2116,2876,2255,0.464606553316116,0.791741728782654,-0.612107574939728
